code,pos,info_length,book,chapter,verse,word_index
COND,Conditional Conjunction,0,MAT,4,3,20
COND,Conditional Conjunction,0,MAT,4,6,11
COND,Conditional Conjunction,0,MAT,4,9,23
COND,Conditional Conjunction,0,MAT,5,13,20
COND,Conditional Conjunction,0,MAT,5,13,56
COND,Conditional Conjunction,0,MAT,5,19,5
COND,Conditional Conjunction,0,MAT,5,20,14
COND,Conditional Conjunction,0,MAT,5,23,2
COND,Conditional Conjunction,0,MAT,5,29,2
COND,Conditional Conjunction,0,MAT,5,30,5
COND,Conditional Conjunction,0,MAT,5,32,59
COND,Conditional Conjunction,0,MAT,5,46,2
COND,Conditional Conjunction,0,MAT,5,47,5
COND,Conditional Conjunction,0,MAT,6,1,41
COND,Conditional Conjunction,0,MAT,6,14,2
COND,Conditional Conjunction,0,MAT,6,15,2
COND,Conditional Conjunction,0,MAT,6,22,23
COND,Conditional Conjunction,0,MAT,6,23,2
COND,Conditional Conjunction,0,MAT,6,23,41
COND,Conditional Conjunction,0,MAT,6,30,2
COND,Conditional Conjunction,0,MAT,7,9,23
COND,Conditional Conjunction,0,MAT,7,10,5
COND,Conditional Conjunction,0,MAT,7,11,2
COND,Conditional Conjunction,0,MAT,8,2,26
COND,Conditional Conjunction,0,MAT,8,19,32
COND,Conditional Conjunction,0,MAT,8,31,20
COND,Conditional Conjunction,0,MAT,9,17,23
COND,Conditional Conjunction,0,MAT,9,21,14
COND,Conditional Conjunction,0,MAT,10,13,5
COND,Conditional Conjunction,0,MAT,10,13,41
COND,Conditional Conjunction,0,MAT,10,14,8
COND,Conditional Conjunction,0,MAT,10,25,50
COND,Conditional Conjunction,0,MAT,10,42,8
COND,Conditional Conjunction,0,MAT,11,6,14
COND,Conditional Conjunction,0,MAT,11,14,5
COND,Conditional Conjunction,0,MAT,11,21,23
COND,Conditional Conjunction,0,MAT,11,23,38
COND,Conditional Conjunction,0,MAT,11,27,38
COND,Conditional Conjunction,0,MAT,11,27,65
COND,Conditional Conjunction,0,MAT,11,27,83
COND,Conditional Conjunction,0,MAT,12,4,71
COND,Conditional Conjunction,0,MAT,12,7,2
COND,Conditional Conjunction,0,MAT,12,10,38
COND,Conditional Conjunction,0,MAT,12,11,44
COND,Conditional Conjunction,0,MAT,12,24,32
COND,Conditional Conjunction,0,MAT,12,26,5
COND,Conditional Conjunction,0,MAT,12,27,5
COND,Conditional Conjunction,0,MAT,12,28,2
COND,Conditional Conjunction,0,MAT,12,29,47
COND,Conditional Conjunction,0,MAT,12,32,8
COND,Conditional Conjunction,0,MAT,12,36,26
COND,Conditional Conjunction,0,MAT,12,39,50
COND,Conditional Conjunction,0,MAT,13,57,41
COND,Conditional Conjunction,0,MAT,14,7,23
COND,Conditional Conjunction,0,MAT,14,17,23
COND,Conditional Conjunction,0,MAT,14,28,23
COND,Conditional Conjunction,0,MAT,15,5,41
COND,Conditional Conjunction,0,MAT,15,14,29
COND,Conditional Conjunction,0,MAT,15,24,20
COND,Conditional Conjunction,0,MAT,16,4,35
COND,Conditional Conjunction,0,MAT,16,19,35
COND,Conditional Conjunction,0,MAT,16,19,71
COND,Conditional Conjunction,0,MAT,16,24,23
COND,Conditional Conjunction,0,MAT,16,26,14
COND,Conditional Conjunction,0,MAT,17,4,41
COND,Conditional Conjunction,0,MAT,17,8,23
COND,Conditional Conjunction,0,MAT,17,20,41
COND,Conditional Conjunction,0,MAT,17,21,20
COND,Conditional Conjunction,0,MAT,18,3,17
COND,Conditional Conjunction,0,MAT,18,5,8
COND,Conditional Conjunction,0,MAT,18,8,2
COND,Conditional Conjunction,0,MAT,18,9,5
COND,Conditional Conjunction,0,MAT,18,12,11
COND,Conditional Conjunction,0,MAT,18,13,5
COND,Conditional Conjunction,0,MAT,18,15,2
COND,Conditional Conjunction,0,MAT,18,15,53
COND,Conditional Conjunction,0,MAT,18,16,2
COND,Conditional Conjunction,0,MAT,18,17,2
COND,Conditional Conjunction,0,MAT,18,17,23
COND,Conditional Conjunction,0,MAT,18,18,14
COND,Conditional Conjunction,0,MAT,18,18,50
COND,Conditional Conjunction,0,MAT,18,19,17
COND,Conditional Conjunction,0,MAT,18,19,50
COND,Conditional Conjunction,0,MAT,18,28,68
COND,Conditional Conjunction,0,MAT,18,35,29
COND,Conditional Conjunction,0,MAT,19,3,32
COND,Conditional Conjunction,0,MAT,19,10,17
COND,Conditional Conjunction,0,MAT,19,17,32
COND,Conditional Conjunction,0,MAT,19,17,47
COND,Conditional Conjunction,0,MAT,19,21,14
COND,Conditional Conjunction,0,MAT,20,4,35
COND,Conditional Conjunction,0,MAT,20,7,50
COND,Conditional Conjunction,0,MAT,20,15,32
COND,Conditional Conjunction,0,MAT,20,26,26
COND,Conditional Conjunction,0,MAT,20,27,8
COND,Conditional Conjunction,0,MAT,21,3,5
COND,Conditional Conjunction,0,MAT,21,19,47
COND,Conditional Conjunction,0,MAT,21,21,29
COND-K,Conditional Conjunction,1,MAT,21,21,68
COND,Conditional Conjunction,0,MAT,21,22,11
COND,Conditional Conjunction,0,MAT,21,24,38
COND,Conditional Conjunction,0,MAT,21,25,50
COND,Conditional Conjunction,0,MAT,21,26,2
COND,Conditional Conjunction,0,MAT,22,24,14
COND,Conditional Conjunction,0,MAT,22,45,2
COND,Conditional Conjunction,0,MAT,23,3,11
COND,Conditional Conjunction,0,MAT,23,18,8
COND,Conditional Conjunction,0,MAT,23,30,8
COND,Conditional Conjunction,0,MAT,24,22,5
COND,Conditional Conjunction,0,MAT,24,23,5
COND,Conditional Conjunction,0,MAT,24,24,41
COND,Conditional Conjunction,0,MAT,24,26,2
COND,Conditional Conjunction,0,MAT,24,28,8
COND,Conditional Conjunction,0,MAT,24,36,44
COND,Conditional Conjunction,0,MAT,24,43,14
COND,Conditional Conjunction,0,MAT,24,48,2
COND,Conditional Conjunction,0,MAT,26,13,14
COND,Conditional Conjunction,0,MAT,26,24,77
COND,Conditional Conjunction,0,MAT,26,33,20
COND-K,Conditional Conjunction,1,MAT,26,35,14
COND,Conditional Conjunction,0,MAT,26,39,38
COND,Conditional Conjunction,0,MAT,26,42,26
COND,Conditional Conjunction,0,MAT,26,42,53
COND,Conditional Conjunction,0,MAT,26,63,62
COND,Conditional Conjunction,0,MAT,27,40,41
COND,Conditional Conjunction,0,MAT,27,42,20
COND,Conditional Conjunction,0,MAT,27,43,23
COND,Conditional Conjunction,0,MAT,27,49,20
COND,Conditional Conjunction,0,MAT,28,14,5
COND,Conditional Conjunction,0,MAR,1,40,44
COND,Conditional Conjunction,0,MAR,2,7,29
COND,Conditional Conjunction,0,MAR,2,21,29
COND,Conditional Conjunction,0,MAR,2,22,26
COND,Conditional Conjunction,0,MAR,2,26,62
COND,Conditional Conjunction,0,MAR,3,2,11
COND,Conditional Conjunction,0,MAR,3,24,5
COND,Conditional Conjunction,0,MAR,3,25,5
COND,Conditional Conjunction,0,MAR,3,26,5
COND,Conditional Conjunction,0,MAR,3,27,38
COND,Conditional Conjunction,0,MAR,4,22,20
COND,Conditional Conjunction,0,MAR,4,23,2
COND,Conditional Conjunction,0,MAR,4,26,29
COND-K,Conditional Conjunction,1,MAR,5,28,11
COND,Conditional Conjunction,0,MAR,5,37,20
COND,Conditional Conjunction,0,MAR,6,4,32
COND,Conditional Conjunction,0,MAR,6,5,23
COND,Conditional Conjunction,0,MAR,6,8,26
COND,Conditional Conjunction,0,MAR,6,10,14
COND,Conditional Conjunction,0,MAR,6,22,74
COND,Conditional Conjunction,0,MAR,6,23,17
COND-K,Conditional Conjunction,1,MAR,6,56,62
COND,Conditional Conjunction,0,MAR,7,3,23
COND,Conditional Conjunction,0,MAR,7,4,11
COND,Conditional Conjunction,0,MAR,7,11,11
COND,Conditional Conjunction,0,MAR,7,11,50
COND,Conditional Conjunction,0,MAR,7,16,2
COND,Conditional Conjunction,0,MAR,8,3,5
COND,Conditional Conjunction,0,MAR,8,12,47
COND,Conditional Conjunction,0,MAR,8,14,17
COND,Conditional Conjunction,0,MAR,8,23,71
COND,Conditional Conjunction,0,MAR,8,36,14
COND,Conditional Conjunction,0,MAR,8,38,8
COND,Conditional Conjunction,0,MAR,9,9,41
COND,Conditional Conjunction,0,MAR,9,22,47
COND,Conditional Conjunction,0,MAR,9,23,20
COND,Conditional Conjunction,0,MAR,9,29,32
COND,Conditional Conjunction,0,MAR,9,35,26
COND,Conditional Conjunction,0,MAR,9,37,5
COND,Conditional Conjunction,0,MAR,9,37,47
COND,Conditional Conjunction,0,MAR,9,42,8
COND,Conditional Conjunction,0,MAR,9,42,47
COND,Conditional Conjunction,0,MAR,9,43,5
COND,Conditional Conjunction,0,MAR,9,45,5
COND,Conditional Conjunction,0,MAR,9,47,5
COND,Conditional Conjunction,0,MAR,9,50,11
COND,Conditional Conjunction,0,MAR,10,2,17
COND,Conditional Conjunction,0,MAR,10,11,14
COND,Conditional Conjunction,0,MAR,10,12,5
COND,Conditional Conjunction,0,MAR,10,15,14
COND,Conditional Conjunction,0,MAR,10,18,35
COND,Conditional Conjunction,0,MAR,10,30,2
COND,Conditional Conjunction,0,MAR,10,35,44
COND,Conditional Conjunction,0,MAR,10,43,26
COND,Conditional Conjunction,0,MAR,10,44,8
COND,Conditional Conjunction,0,MAR,11,3,5
COND,Conditional Conjunction,0,MAR,11,13,23
COND,Conditional Conjunction,0,MAR,11,13,59
COND,Conditional Conjunction,0,MAR,11,23,101
COND,Conditional Conjunction,0,MAR,11,25,17
COND,Conditional Conjunction,0,MAR,11,26,2
COND,Conditional Conjunction,0,MAR,11,31,17
COND,Conditional Conjunction,0,MAR,12,19,17
COND,Conditional Conjunction,0,MAR,13,11,41
COND,Conditional Conjunction,0,MAR,13,20,5
COND,Conditional Conjunction,0,MAR,13,21,5
COND,Conditional Conjunction,0,MAR,13,22,41
COND,Conditional Conjunction,0,MAR,13,32,56
COND,Conditional Conjunction,0,MAR,14,9,14
COND,Conditional Conjunction,0,MAR,14,14,8
COND,Conditional Conjunction,0,MAR,14,21,77
COND,Conditional Conjunction,0,MAR,14,29,20
COND,Conditional Conjunction,0,MAR,14,31,17
COND,Conditional Conjunction,0,MAR,14,35,32
COND,Conditional Conjunction,0,MAR,15,36,47
COND,Conditional Conjunction,0,MAR,15,44,14
COND,Conditional Conjunction,0,MAR,15,44,41
COND-K,Conditional Conjunction,1,MAR,16,18,8
COND,Conditional Conjunction,0,LUK,4,3,17
COND,Conditional Conjunction,0,LUK,4,6,62
COND,Conditional Conjunction,0,LUK,4,7,8
COND,Conditional Conjunction,0,LUK,4,9,50
COND,Conditional Conjunction,0,LUK,4,26,20
COND,Conditional Conjunction,0,LUK,4,27,47
COND,Conditional Conjunction,0,LUK,5,12,80
COND,Conditional Conjunction,0,LUK,5,21,59
COND,Conditional Conjunction,0,LUK,5,36,47
COND,Conditional Conjunction,0,LUK,5,37,26
COND,Conditional Conjunction,0,LUK,6,4,77
COND,Conditional Conjunction,0,LUK,6,7,23
COND,Conditional Conjunction,0,LUK,6,32,5
COND,Conditional Conjunction,0,LUK,6,33,5
COND,Conditional Conjunction,0,LUK,6,34,5
COND,Conditional Conjunction,0,LUK,7,23,14
COND,Conditional Conjunction,0,LUK,7,39,38
COND,Conditional Conjunction,0,LUK,8,18,20
COND,Conditional Conjunction,0,LUK,8,18,38
COND,Conditional Conjunction,0,LUK,8,51,29
COND,Conditional Conjunction,0,LUK,9,5,8
COND,Conditional Conjunction,0,LUK,9,13,65
COND,Conditional Conjunction,0,LUK,9,23,14
COND,Conditional Conjunction,0,LUK,9,24,8
COND,Conditional Conjunction,0,LUK,9,48,14
COND,Conditional Conjunction,0,LUK,9,48,53
COND,Conditional Conjunction,0,LUK,10,6,5
COND,Conditional Conjunction,0,LUK,10,6,38
COND,Conditional Conjunction,0,LUK,10,13,23
COND,Conditional Conjunction,0,LUK,10,22,62
COND,Conditional Conjunction,0,LUK,10,22,89
COND,Conditional Conjunction,0,LUK,10,22,107
COND,Conditional Conjunction,0,LUK,11,8,8
COND,Conditional Conjunction,0,LUK,11,12,8
COND,Conditional Conjunction,0,LUK,11,13,2
COND,Conditional Conjunction,0,LUK,11,18,2
COND,Conditional Conjunction,0,LUK,11,19,2
COND,Conditional Conjunction,0,LUK,11,20,2
COND,Conditional Conjunction,0,LUK,11,29,56
COND,Conditional Conjunction,0,LUK,11,36,2
COND,Conditional Conjunction,0,LUK,12,26,2
COND,Conditional Conjunction,0,LUK,12,28,2
COND,Conditional Conjunction,0,LUK,12,38,5
COND,Conditional Conjunction,0,LUK,12,39,14
COND,Conditional Conjunction,0,LUK,12,45,2
COND,Conditional Conjunction,0,LUK,12,49,29
COND,Conditional Conjunction,0,LUK,13,3,14
COND,Conditional Conjunction,0,LUK,13,5,14
COND-K,Conditional Conjunction,1,LUK,13,9,2
COND,Conditional Conjunction,0,LUK,13,9,14
COND,Conditional Conjunction,0,LUK,13,23,17
COND,Conditional Conjunction,0,LUK,14,3,35
COND,Conditional Conjunction,0,LUK,14,26,2
COND,Conditional Conjunction,0,LUK,14,28,44
COND,Conditional Conjunction,0,LUK,14,31,41
COND,Conditional Conjunction,0,LUK,14,32,2
COND,Conditional Conjunction,0,LUK,14,34,11
COND,Conditional Conjunction,0,LUK,15,8,20
COND,Conditional Conjunction,0,LUK,16,11,2
COND,Conditional Conjunction,0,LUK,16,12,5
COND,Conditional Conjunction,0,LUK,16,30,23
COND,Conditional Conjunction,0,LUK,16,31,11
COND,Conditional Conjunction,0,LUK,16,31,35
COND,Conditional Conjunction,0,LUK,17,2,8
COND,Conditional Conjunction,0,LUK,17,3,8
COND,Conditional Conjunction,0,LUK,17,3,41
COND,Conditional Conjunction,0,LUK,17,4,5
COND,Conditional Conjunction,0,LUK,17,6,14
COND,Conditional Conjunction,0,LUK,17,18,23
COND,Conditional Conjunction,0,LUK,17,33,5
COND,Conditional Conjunction,0,LUK,17,33,35
COND,Conditional Conjunction,0,LUK,18,4,35
COND,Conditional Conjunction,0,LUK,18,17,14
COND,Conditional Conjunction,0,LUK,18,19,35
COND,Conditional Conjunction,0,LUK,19,8,56
COND,Conditional Conjunction,0,LUK,19,31,5
COND,Conditional Conjunction,0,LUK,19,40,23
COND,Conditional Conjunction,0,LUK,19,42,8
COND,Conditional Conjunction,0,LUK,20,5,23
COND,Conditional Conjunction,0,LUK,20,6,2
COND,Conditional Conjunction,0,LUK,20,28,17
COND,Conditional Conjunction,0,LUK,22,42,8
COND,Conditional Conjunction,0,LUK,22,49,32
COND,Conditional Conjunction,0,LUK,22,67,2
COND,Conditional Conjunction,0,LUK,22,67,32
COND,Conditional Conjunction,0,LUK,22,68,2
COND,Conditional Conjunction,0,LUK,23,6,17
COND,Conditional Conjunction,0,LUK,23,31,5
COND,Conditional Conjunction,0,LUK,23,35,53
COND,Conditional Conjunction,0,LUK,23,37,8
COND,Conditional Conjunction,0,LUK,23,39,26
COND,Conditional Conjunction,0,JOH,1,25,29
COND,Conditional Conjunction,0,JOH,3,2,77
COND,Conditional Conjunction,0,JOH,3,3,32
COND,Conditional Conjunction,0,JOH,3,5,20
COND,Conditional Conjunction,0,JOH,3,12,2
COND,Conditional Conjunction,0,JOH,3,12,29
COND,Conditional Conjunction,0,JOH,3,13,20
COND,Conditional Conjunction,0,JOH,3,27,29
COND,Conditional Conjunction,0,JOH,4,10,17
COND,Conditional Conjunction,0,JOH,4,48,20
COND,Conditional Conjunction,0,JOH,5,19,59
COND,Conditional Conjunction,0,JOH,5,31,2
COND,Conditional Conjunction,0,JOH,5,43,38
COND,Conditional Conjunction,0,JOH,5,46,2
COND,Conditional Conjunction,0,JOH,5,47,2
COND,Conditional Conjunction,0,JOH,6,22,50
COND,Conditional Conjunction,0,JOH,6,44,17
COND,Conditional Conjunction,0,JOH,6,46,20
COND,Conditional Conjunction,0,JOH,6,51,35
COND,Conditional Conjunction,0,JOH,6,53,29
COND,Conditional Conjunction,0,JOH,6,62,2
COND,Conditional Conjunction,0,JOH,6,65,38
COND,Conditional Conjunction,0,JOH,7,4,38
COND,Conditional Conjunction,0,JOH,7,17,2
COND,Conditional Conjunction,0,JOH,7,23,2
COND,Conditional Conjunction,0,JOH,7,37,47
COND,Conditional Conjunction,0,JOH,7,51,23
COND-K,Conditional Conjunction,1,JOH,8,14,17
COND,Conditional Conjunction,0,JOH,8,16,5
COND,Conditional Conjunction,0,JOH,8,19,53
COND,Conditional Conjunction,0,JOH,8,24,29
COND,Conditional Conjunction,0,JOH,8,31,29
COND,Conditional Conjunction,0,JOH,8,36,2
COND,Conditional Conjunction,0,JOH,8,39,41
COND,Conditional Conjunction,0,JOH,8,42,17
COND,Conditional Conjunction,0,JOH,8,46,23
COND,Conditional Conjunction,0,JOH,8,51,14
COND,Conditional Conjunction,0,JOH,8,52,56
COND,Conditional Conjunction,0,JOH,8,54,8
COND,Conditional Conjunction,0,JOH,8,55,29
COND,Conditional Conjunction,0,JOH,9,22,47
COND,Conditional Conjunction,0,JOH,9,25,17
COND,Conditional Conjunction,0,JOH,9,31,29
COND,Conditional Conjunction,0,JOH,9,33,2
COND,Conditional Conjunction,0,JOH,9,41,14
COND,Conditional Conjunction,0,JOH,10,9,20
COND,Conditional Conjunction,0,JOH,10,10,14
COND,Conditional Conjunction,0,JOH,10,24,44
COND,Conditional Conjunction,0,JOH,10,35,2
COND,Conditional Conjunction,0,JOH,10,37,2
COND,Conditional Conjunction,0,JOH,10,38,2
COND-K,Conditional Conjunction,1,JOH,10,38,11
COND,Conditional Conjunction,0,JOH,11,9,26
COND,Conditional Conjunction,0,JOH,11,10,2
COND,Conditional Conjunction,0,JOH,11,12,20
COND,Conditional Conjunction,0,JOH,11,21,23
COND-K,Conditional Conjunction,1,JOH,11,25,47
COND,Conditional Conjunction,0,JOH,11,32,59
COND,Conditional Conjunction,0,JOH,11,40,26
COND,Conditional Conjunction,0,JOH,11,48,2
COND,Conditional Conjunction,0,JOH,11,57,32
COND,Conditional Conjunction,0,JOH,12,24,14
COND,Conditional Conjunction,0,JOH,12,24,56
COND,Conditional Conjunction,0,JOH,12,26,2
COND,Conditional Conjunction,0,JOH,12,26,56
COND,Conditional Conjunction,0,JOH,12,32,5
COND,Conditional Conjunction,0,JOH,12,47,5
COND,Conditional Conjunction,0,JOH,13,8,50
COND,Conditional Conjunction,0,JOH,13,14,2
COND,Conditional Conjunction,0,JOH,13,17,2
COND,Conditional Conjunction,0,JOH,13,17,17
COND,Conditional Conjunction,0,JOH,13,20,20
COND,Conditional Conjunction,0,JOH,13,32,2
COND,Conditional Conjunction,0,JOH,13,35,26
COND,Conditional Conjunction,0,JOH,14,2,29
COND,Conditional Conjunction,0,JOH,14,3,5
COND,Conditional Conjunction,0,JOH,14,6,59
COND,Conditional Conjunction,0,JOH,14,7,2
COND,Conditional Conjunction,0,JOH,14,11,38
COND,Conditional Conjunction,0,JOH,14,14,2
COND,Conditional Conjunction,0,JOH,14,15,2
COND,Conditional Conjunction,0,JOH,14,23,17
COND,Conditional Conjunction,0,JOH,14,28,32
COND,Conditional Conjunction,0,JOH,15,4,47
COND,Conditional Conjunction,0,JOH,15,4,74
COND,Conditional Conjunction,0,JOH,15,6,2
COND,Conditional Conjunction,0,JOH,15,7,2
COND,Conditional Conjunction,0,JOH,15,7,38
COND,Conditional Conjunction,0,JOH,15,10,2
COND,Conditional Conjunction,0,JOH,15,14,14
COND,Conditional Conjunction,0,JOH,15,18,2
COND,Conditional Conjunction,0,JOH,15,19,2
COND,Conditional Conjunction,0,JOH,15,20,44
COND,Conditional Conjunction,0,JOH,15,20,62
COND,Conditional Conjunction,0,JOH,15,22,2
COND,Conditional Conjunction,0,JOH,15,24,2
COND,Conditional Conjunction,0,JOH,16,7,35
COND,Conditional Conjunction,0,JOH,16,7,68
COND,Conditional Conjunction,0,JOH,17,12,71
COND,Conditional Conjunction,0,JOH,18,8,23
COND,Conditional Conjunction,0,JOH,18,23,14
COND,Conditional Conjunction,0,JOH,18,23,35
COND,Conditional Conjunction,0,JOH,18,30,14
COND,Conditional Conjunction,0,JOH,18,36,38
COND,Conditional Conjunction,0,JOH,19,11,26
COND,Conditional Conjunction,0,JOH,19,12,38
COND,Conditional Conjunction,0,JOH,19,15,65
COND,Conditional Conjunction,0,JOH,20,15,56
COND,Conditional Conjunction,0,JOH,20,25,41
COND,Conditional Conjunction,0,JOH,21,22,14
COND,Conditional Conjunction,0,JOH,21,23,74
COND,Conditional Conjunction,0,JOH,21,25,32
COND,Conditional Conjunction,0,ACT,1,6,26
COND,Conditional Conjunction,0,ACT,3,23,17
COND,Conditional Conjunction,0,ACT,4,9,2
COND,Conditional Conjunction,0,ACT,4,19,29
COND,Conditional Conjunction,0,ACT,5,8,23
COND-K,Conditional Conjunction,1,ACT,5,15,50
COND,Conditional Conjunction,0,ACT,5,38,44
COND,Conditional Conjunction,0,ACT,5,39,2
COND,Conditional Conjunction,0,ACT,7,1,14
COND,Conditional Conjunction,0,ACT,7,7,14
COND,Conditional Conjunction,0,ACT,8,19,26
COND,Conditional Conjunction,0,ACT,8,22,35
COND,Conditional Conjunction,0,ACT,8,31,23
COND,Conditional Conjunction,0,ACT,9,2,32
COND,Conditional Conjunction,0,ACT,10,18,11
COND,Conditional Conjunction,0,ACT,11,17,2
COND,Conditional Conjunction,0,ACT,11,19,68
COND,Conditional Conjunction,0,ACT,13,15,53
COND,Conditional Conjunction,0,ACT,13,41,59
COND,Conditional Conjunction,0,ACT,15,1,32
COND,Conditional Conjunction,0,ACT,16,15,29
COND,Conditional Conjunction,0,ACT,17,11,62
COND,Conditional Conjunction,0,ACT,17,27,11
COND,Conditional Conjunction,0,ACT,18,14,41
COND,Conditional Conjunction,0,ACT,18,15,2
COND,Conditional Conjunction,0,ACT,19,2,11
COND,Conditional Conjunction,0,ACT,19,2,47
COND,Conditional Conjunction,0,ACT,19,38,2
COND,Conditional Conjunction,0,ACT,19,39,2
COND,Conditional Conjunction,0,ACT,20,16,53
COND,Conditional Conjunction,0,ACT,21,25,38
COND,Conditional Conjunction,0,ACT,21,37,35
COND,Conditional Conjunction,0,ACT,22,25,41
COND,Conditional Conjunction,0,ACT,22,27,26
COND,Conditional Conjunction,0,ACT,23,9,65
COND,Conditional Conjunction,0,ACT,24,19,23
COND,Conditional Conjunction,0,ACT,25,5,23
COND,Conditional Conjunction,0,ACT,25,11,2
COND,Conditional Conjunction,0,ACT,25,11,41
COND,Conditional Conjunction,0,ACT,25,20,26
COND,Conditional Conjunction,0,ACT,26,5,11
COND,Conditional Conjunction,0,ACT,26,8,17
COND,Conditional Conjunction,0,ACT,26,23,2
COND,Conditional Conjunction,0,ACT,26,23,14
COND,Conditional Conjunction,0,ACT,26,32,32
COND,Conditional Conjunction,0,ACT,27,12,41
COND,Conditional Conjunction,0,ACT,27,31,26
COND,Conditional Conjunction,0,ACT,27,39,53
COND,Conditional Conjunction,0,ROM,1,10,20
COND,Conditional Conjunction,0,ROM,2,25,14
COND,Conditional Conjunction,0,ROM,2,25,23
COND,Conditional Conjunction,0,ROM,2,26,2
COND,Conditional Conjunction,0,ROM,3,3,8
COND,Conditional Conjunction,0,ROM,3,5,2
COND,Conditional Conjunction,0,ROM,3,7,2
COND,Conditional Conjunction,0,ROM,4,2,2
COND,Conditional Conjunction,0,ROM,4,14,2
COND,Conditional Conjunction,0,ROM,5,10,2
COND,Conditional Conjunction,0,ROM,5,15,29
COND,Conditional Conjunction,0,ROM,5,17,2
COND,Conditional Conjunction,0,ROM,6,5,2
COND,Conditional Conjunction,0,ROM,6,8,2
COND,Conditional Conjunction,0,ROM,7,2,29
COND,Conditional Conjunction,0,ROM,7,3,23
COND,Conditional Conjunction,0,ROM,7,3,35
COND,Conditional Conjunction,0,ROM,7,7,41
COND,Conditional Conjunction,0,ROM,7,7,71
COND,Conditional Conjunction,0,ROM,7,16,2
COND,Conditional Conjunction,0,ROM,7,20,2
COND,Conditional Conjunction,0,ROM,8,9,29
COND,Conditional Conjunction,0,ROM,8,9,47
COND,Conditional Conjunction,0,ROM,8,10,2
COND,Conditional Conjunction,0,ROM,8,11,2
COND,Conditional Conjunction,0,ROM,8,13,2
COND,Conditional Conjunction,0,ROM,8,13,23
COND,Conditional Conjunction,0,ROM,8,17,2
COND,Conditional Conjunction,0,ROM,8,17,35
COND,Conditional Conjunction,0,ROM,8,25,2
COND,Conditional Conjunction,0,ROM,8,31,17
COND,Conditional Conjunction,0,ROM,9,22,2
COND,Conditional Conjunction,0,ROM,9,27,20
COND,Conditional Conjunction,0,ROM,9,29,14
COND,Conditional Conjunction,0,ROM,10,9,5
COND,Conditional Conjunction,0,ROM,10,15,11
COND,Conditional Conjunction,0,ROM,11,6,2
COND,Conditional Conjunction,0,ROM,11,6,38
COND,Conditional Conjunction,0,ROM,11,12,2
COND,Conditional Conjunction,0,ROM,11,14,2
COND,Conditional Conjunction,0,ROM,11,15,2
COND,Conditional Conjunction,0,ROM,11,15,32
COND,Conditional Conjunction,0,ROM,11,16,2
COND,Conditional Conjunction,0,ROM,11,16,29
COND,Conditional Conjunction,0,ROM,11,17,2
COND,Conditional Conjunction,0,ROM,11,18,14
COND,Conditional Conjunction,0,ROM,11,21,2
COND,Conditional Conjunction,0,ROM,11,22,47
COND,Conditional Conjunction,0,ROM,11,23,11
COND,Conditional Conjunction,0,ROM,11,24,2
COND,Conditional Conjunction,0,ROM,12,18,2
COND,Conditional Conjunction,0,ROM,12,20,2
COND,Conditional Conjunction,0,ROM,12,20,26
COND,Conditional Conjunction,0,ROM,13,1,29
COND,Conditional Conjunction,0,ROM,13,4,26
COND,Conditional Conjunction,0,ROM,13,8,11
COND,Conditional Conjunction,0,ROM,13,9,35
COND,Conditional Conjunction,0,ROM,14,8,2
COND,Conditional Conjunction,0,ROM,14,8,23
COND,Conditional Conjunction,0,ROM,14,8,41
COND,Conditional Conjunction,0,ROM,14,8,53
COND,Conditional Conjunction,0,ROM,14,14,35
COND,Conditional Conjunction,0,ROM,14,15,2
COND,Conditional Conjunction,0,ROM,14,23,11
COND,Conditional Conjunction,0,ROM,15,24,5
COND,Conditional Conjunction,0,ROM,15,24,59
COND,Conditional Conjunction,0,ROM,15,27,20
COND,Conditional Conjunction,0,1CO,1,14,23
COND,Conditional Conjunction,0,1CO,1,16,29
COND,Conditional Conjunction,0,1CO,2,2,26
COND,Conditional Conjunction,0,1CO,2,8,26
COND,Conditional Conjunction,0,1CO,2,11,23
COND,Conditional Conjunction,0,1CO,2,11,71
COND,Conditional Conjunction,0,1CO,3,12,2
COND,Conditional Conjunction,0,1CO,3,14,2
COND,Conditional Conjunction,0,1CO,3,15,2
COND,Conditional Conjunction,0,1CO,3,17,2
COND,Conditional Conjunction,0,1CO,3,18,11
COND,Conditional Conjunction,0,1CO,4,7,32
COND,Conditional Conjunction,0,1CO,4,15,2
COND,Conditional Conjunction,0,1CO,4,19,17
COND,Conditional Conjunction,0,1CO,5,11,20
COND,Conditional Conjunction,0,1CO,6,2,29
COND,Conditional Conjunction,0,1CO,6,4,14
COND,Conditional Conjunction,0,1CO,6,18,20
COND,Conditional Conjunction,0,1CO,7,5,11
COND,Conditional Conjunction,0,1CO,7,8,32
COND,Conditional Conjunction,0,1CO,7,9,2
COND,Conditional Conjunction,0,1CO,7,11,2
COND,Conditional Conjunction,0,1CO,7,12,26
COND,Conditional Conjunction,0,1CO,7,15,2
COND,Conditional Conjunction,0,1CO,7,16,14
COND,Conditional Conjunction,0,1CO,7,16,38
COND,Conditional Conjunction,0,1CO,7,17,2
COND,Conditional Conjunction,0,1CO,7,21,20
COND,Conditional Conjunction,0,1CO,7,28,2
COND,Conditional Conjunction,0,1CO,7,28,23
COND,Conditional Conjunction,0,1CO,7,36,2
COND,Conditional Conjunction,0,1CO,7,36,29
COND,Conditional Conjunction,0,1CO,7,39,32
COND,Conditional Conjunction,0,1CO,7,40,11
COND,Conditional Conjunction,0,1CO,8,2,2
COND,Conditional Conjunction,0,1CO,8,3,2
COND,Conditional Conjunction,0,1CO,8,4,53
COND,Conditional Conjunction,0,1CO,8,5,8
COND,Conditional Conjunction,0,1CO,8,8,29
COND,Conditional Conjunction,0,1CO,8,8,41
COND,Conditional Conjunction,0,1CO,8,10,2
COND,Conditional Conjunction,0,1CO,8,13,5
COND,Conditional Conjunction,0,1CO,9,2,2
COND,Conditional Conjunction,0,1CO,9,11,2
COND,Conditional Conjunction,0,1CO,9,11,23
COND,Conditional Conjunction,0,1CO,9,12,2
COND,Conditional Conjunction,0,1CO,9,16,2
COND,Conditional Conjunction,0,1CO,9,16,47
COND,Conditional Conjunction,0,1CO,9,17,2
COND,Conditional Conjunction,0,1CO,9,17,23
COND,Conditional Conjunction,0,1CO,10,13,14
COND,Conditional Conjunction,0,1CO,10,27,2
COND,Conditional Conjunction,0,1CO,10,28,2
COND,Conditional Conjunction,0,1CO,10,30,2
COND,Conditional Conjunction,0,1CO,11,6,2
COND,Conditional Conjunction,0,1CO,11,6,23
COND,Conditional Conjunction,0,1CO,11,14,32
COND,Conditional Conjunction,0,1CO,11,15,8
COND,Conditional Conjunction,0,1CO,11,16,2
COND,Conditional Conjunction,0,1CO,11,31,2
COND,Conditional Conjunction,0,1CO,11,34,2
COND,Conditional Conjunction,0,1CO,12,3,56
COND,Conditional Conjunction,0,1CO,12,15,2
COND,Conditional Conjunction,0,1CO,12,16,5
COND,Conditional Conjunction,0,1CO,12,17,2
COND,Conditional Conjunction,0,1CO,12,17,26
COND,Conditional Conjunction,0,1CO,12,19,2
COND,Conditional Conjunction,0,1CO,13,1,2
COND,Conditional Conjunction,0,1CO,13,2,5
COND,Conditional Conjunction,0,1CO,13,2,44
COND,Conditional Conjunction,0,1CO,13,3,5
COND,Conditional Conjunction,0,1CO,13,3,26
COND,Conditional Conjunction,0,1CO,14,5,59
COND,Conditional Conjunction,0,1CO,14,6,11
COND,Conditional Conjunction,0,1CO,14,6,38
COND,Conditional Conjunction,0,1CO,14,7,29
COND,Conditional Conjunction,0,1CO,14,8,8
COND,Conditional Conjunction,0,1CO,14,9,20
COND,Conditional Conjunction,0,1CO,14,10,5
COND,Conditional Conjunction,0,1CO,14,11,2
COND,Conditional Conjunction,0,1CO,14,14,2
COND,Conditional Conjunction,0,1CO,14,16,5
COND,Conditional Conjunction,0,1CO,14,23,2
COND,Conditional Conjunction,0,1CO,14,24,2
COND,Conditional Conjunction,0,1CO,14,28,2
COND,Conditional Conjunction,0,1CO,14,30,2
COND,Conditional Conjunction,0,1CO,14,35,2
COND,Conditional Conjunction,0,1CO,14,37,2
COND,Conditional Conjunction,0,1CO,14,38,2
COND,Conditional Conjunction,0,1CO,15,2,26
COND,Conditional Conjunction,0,1CO,15,2,35
COND,Conditional Conjunction,0,1CO,15,12,2
COND,Conditional Conjunction,0,1CO,15,13,2
COND,Conditional Conjunction,0,1CO,15,14,2
COND,Conditional Conjunction,0,1CO,15,15,56
COND,Conditional Conjunction,0,1CO,15,16,2
COND,Conditional Conjunction,0,1CO,15,17,2
COND,Conditional Conjunction,0,1CO,15,19,2
COND,Conditional Conjunction,0,1CO,15,29,26
COND,Conditional Conjunction,0,1CO,15,32,2
COND,Conditional Conjunction,0,1CO,15,32,32
COND,Conditional Conjunction,0,1CO,15,36,20
COND,Conditional Conjunction,0,1CO,15,37,38
COND,Conditional Conjunction,0,1CO,16,3,14
COND,Conditional Conjunction,0,1CO,16,4,2
COND,Conditional Conjunction,0,1CO,16,6,41
COND,Conditional Conjunction,0,1CO,16,7,47
COND,Conditional Conjunction,0,1CO,16,10,2
COND,Conditional Conjunction,0,1CO,16,22,2
COND,Conditional Conjunction,0,2CO,2,2,2
COND,Conditional Conjunction,0,2CO,2,2,35
COND,Conditional Conjunction,0,2CO,2,5,2
COND,Conditional Conjunction,0,2CO,2,9,32
COND,Conditional Conjunction,0,2CO,2,10,29
COND,Conditional Conjunction,0,2CO,3,1,14
COND,Conditional Conjunction,0,2CO,3,7,2
COND,Conditional Conjunction,0,2CO,3,9,2
COND,Conditional Conjunction,0,2CO,3,11,2
COND,Conditional Conjunction,0,2CO,4,3,2
COND,Conditional Conjunction,0,2CO,4,16,14
COND,Conditional Conjunction,0,2CO,5,1,11
COND,Conditional Conjunction,0,2CO,5,3,2
COND,Conditional Conjunction,0,2CO,5,14,32
COND,Conditional Conjunction,0,2CO,5,16,29
COND,Conditional Conjunction,0,2CO,5,17,5
COND,Conditional Conjunction,0,2CO,7,8,5
COND,Conditional Conjunction,0,2CO,7,8,32
COND,Conditional Conjunction,0,2CO,7,8,59
COND,Conditional Conjunction,0,2CO,7,12,5
COND,Conditional Conjunction,0,2CO,7,14,5
COND,Conditional Conjunction,0,2CO,8,12,2
COND,Conditional Conjunction,0,2CO,8,12,20
COND,Conditional Conjunction,0,2CO,9,4,5
COND,Conditional Conjunction,0,2CO,10,7,14
COND,Conditional Conjunction,0,2CO,10,8,2
COND,Conditional Conjunction,0,2CO,11,4,2
COND,Conditional Conjunction,0,2CO,11,6,2
COND,Conditional Conjunction,0,2CO,11,15,11
COND,Conditional Conjunction,0,2CO,11,16,26
COND-K,Conditional Conjunction,1,2CO,11,16,35
COND,Conditional Conjunction,0,2CO,11,20,8
COND,Conditional Conjunction,0,2CO,11,20,20
COND,Conditional Conjunction,0,2CO,11,20,29
COND,Conditional Conjunction,0,2CO,11,20,38
COND,Conditional Conjunction,0,2CO,11,20,47
COND,Conditional Conjunction,0,2CO,11,30,2
COND,Conditional Conjunction,0,2CO,12,5,29
COND,Conditional Conjunction,0,2CO,12,6,2
COND,Conditional Conjunction,0,2CO,12,11,59
COND,Conditional Conjunction,0,2CO,12,13,29
COND,Conditional Conjunction,0,2CO,12,15,32
COND,Conditional Conjunction,0,2CO,13,2,56
COND,Conditional Conjunction,0,2CO,13,4,8
COND,Conditional Conjunction,0,2CO,13,5,8
COND,Conditional Conjunction,0,2CO,13,5,59
COND,Conditional Conjunction,0,GAL,1,7,14
COND,Conditional Conjunction,0,GAL,1,8,8
COND,Conditional Conjunction,0,GAL,1,9,20
COND,Conditional Conjunction,0,GAL,1,10,35
COND,Conditional Conjunction,0,GAL,1,19,20
COND,Conditional Conjunction,0,GAL,2,14,50
COND,Conditional Conjunction,0,GAL,2,16,26
COND,Conditional Conjunction,0,GAL,2,17,2
COND,Conditional Conjunction,0,GAL,2,18,2
COND,Conditional Conjunction,0,GAL,2,21,20
COND,Conditional Conjunction,0,GAL,3,4,11
COND,Conditional Conjunction,0,GAL,3,18,2
COND,Conditional Conjunction,0,GAL,3,21,32
COND,Conditional Conjunction,0,GAL,3,29,2
COND,Conditional Conjunction,0,GAL,4,7,20
COND,Conditional Conjunction,0,GAL,4,15,32
COND,Conditional Conjunction,0,GAL,5,2,20
COND,Conditional Conjunction,0,GAL,5,11,11
COND,Conditional Conjunction,0,GAL,5,15,2
COND,Conditional Conjunction,0,GAL,5,18,2
COND,Conditional Conjunction,0,GAL,5,25,2
COND,Conditional Conjunction,0,GAL,6,1,5
COND,Conditional Conjunction,0,GAL,6,3,2
COND,Conditional Conjunction,0,GAL,6,7,23
COND,Conditional Conjunction,0,GAL,6,14,17
COND,Conditional Conjunction,0,EPH,3,2,2
COND,Conditional Conjunction,0,EPH,4,9,17
COND,Conditional Conjunction,0,EPH,4,21,2
COND,Conditional Conjunction,0,EPH,4,29,32
COND,Conditional Conjunction,0,EPH,6,8,11
COND,Conditional Conjunction,0,PHP,1,22,2
COND,Conditional Conjunction,0,PHP,2,1,2
COND,Conditional Conjunction,0,PHP,2,1,20
COND,Conditional Conjunction,0,PHP,2,1,32
COND,Conditional Conjunction,0,PHP,2,1,44
COND,Conditional Conjunction,0,PHP,2,17,5
COND,Conditional Conjunction,0,PHP,3,4,23
COND,Conditional Conjunction,0,PHP,3,11,2
COND,Conditional Conjunction,0,PHP,3,12,29
COND,Conditional Conjunction,0,PHP,3,15,20
COND,Conditional Conjunction,0,PHP,4,8,50
COND,Conditional Conjunction,0,PHP,4,8,62
COND,Conditional Conjunction,0,PHP,4,15,71
COND,Conditional Conjunction,0,COL,1,23,2
COND,Conditional Conjunction,0,COL,2,5,2
COND,Conditional Conjunction,0,COL,2,20,2
COND,Conditional Conjunction,0,COL,3,1,2
COND,Conditional Conjunction,0,COL,3,13,17
COND,Conditional Conjunction,0,COL,3,23,14
COND,Conditional Conjunction,0,COL,4,10,47
COND,Conditional Conjunction,0,1TH,3,8,11
COND,Conditional Conjunction,0,1TH,4,14,2
COND,Conditional Conjunction,0,2TH,1,6,2
COND,Conditional Conjunction,0,2TH,2,3,26
COND,Conditional Conjunction,0,2TH,3,10,32
COND,Conditional Conjunction,0,2TH,3,14,2
COND,Conditional Conjunction,0,1TI,1,8,20
COND,Conditional Conjunction,0,1TI,1,10,20
COND,Conditional Conjunction,0,1TI,2,15,17
COND,Conditional Conjunction,0,1TI,3,1,11
COND,Conditional Conjunction,0,1TI,3,5,2
COND,Conditional Conjunction,0,1TI,3,15,2
COND,Conditional Conjunction,0,1TI,5,4,2
COND,Conditional Conjunction,0,1TI,5,8,2
COND,Conditional Conjunction,0,1TI,5,10,14
COND,Conditional Conjunction,0,1TI,5,10,20
COND,Conditional Conjunction,0,1TI,5,10,26
COND,Conditional Conjunction,0,1TI,5,10,38
COND,Conditional Conjunction,0,1TI,5,10,47
COND,Conditional Conjunction,0,1TI,5,16,2
COND,Conditional Conjunction,0,1TI,5,19,20
COND,Conditional Conjunction,0,1TI,6,3,2
COND,Conditional Conjunction,0,2TI,2,5,2
COND,Conditional Conjunction,0,2TI,2,5,23
COND,Conditional Conjunction,0,2TI,2,11,11
COND,Conditional Conjunction,0,2TI,2,12,2
COND,Conditional Conjunction,0,2TI,2,12,14
COND,Conditional Conjunction,0,2TI,2,13,2
COND,Conditional Conjunction,0,2TI,2,21,2
COND,Conditional Conjunction,0,TIT,1,6,2
COND,Conditional Conjunction,0,PHM,1,17,2
COND,Conditional Conjunction,0,PHM,1,18,2
COND,Conditional Conjunction,0,HEB,2,2,2
COND,Conditional Conjunction,0,HEB,3,6,38
COND,Conditional Conjunction,0,HEB,3,7,26
COND,Conditional Conjunction,0,HEB,3,11,20
COND,Conditional Conjunction,0,HEB,3,14,17
COND,Conditional Conjunction,0,HEB,3,15,14
COND,Conditional Conjunction,0,HEB,3,18,29
COND,Conditional Conjunction,0,HEB,4,3,47
COND,Conditional Conjunction,0,HEB,4,5,14
COND,Conditional Conjunction,0,HEB,4,7,44
COND,Conditional Conjunction,0,HEB,4,8,2
COND,Conditional Conjunction,0,HEB,6,3,11
COND,Conditional Conjunction,0,HEB,6,9,32
COND,Conditional Conjunction,0,HEB,7,11,2
COND,Conditional Conjunction,0,HEB,7,15,17
COND,Conditional Conjunction,0,HEB,8,4,2
COND,Conditional Conjunction,0,HEB,8,7,2
COND,Conditional Conjunction,0,HEB,9,13,2
COND,Conditional Conjunction,0,HEB,10,38,23
COND,Conditional Conjunction,0,HEB,11,15,5
COND,Conditional Conjunction,0,HEB,12,8,2
COND-K,Conditional Conjunction,1,HEB,12,20,17
COND,Conditional Conjunction,0,HEB,12,25,17
COND,Conditional Conjunction,0,HEB,13,23,25
COND,Conditional Conjunction,0,JAM,1,5,2
COND,Conditional Conjunction,0,JAM,1,23,5
COND,Conditional Conjunction,0,JAM,1,26,2
COND,Conditional Conjunction,0,JAM,2,2,2
COND,Conditional Conjunction,0,JAM,2,8,2
COND,Conditional Conjunction,0,JAM,2,9,2
COND,Conditional Conjunction,0,JAM,2,11,29
COND,Conditional Conjunction,0,JAM,2,14,17
COND,Conditional Conjunction,0,JAM,2,15,2
COND,Conditional Conjunction,0,JAM,2,17,14
COND,Conditional Conjunction,0,JAM,3,2,14
COND,Conditional Conjunction,0,JAM,3,14,2
COND,Conditional Conjunction,0,JAM,4,11,53
COND,Conditional Conjunction,0,JAM,4,15,14
COND-K,Conditional Conjunction,1,JAM,5,15,41
COND,Conditional Conjunction,0,JAM,5,19,5
COND,Conditional Conjunction,0,1PE,1,6,19
COND,Conditional Conjunction,0,1PE,1,17,5
COND,Conditional Conjunction,0,1PE,2,3,2
COND,Conditional Conjunction,0,1PE,2,19,11
COND,Conditional Conjunction,0,1PE,2,20,11
COND,Conditional Conjunction,0,1PE,2,20,29
COND,Conditional Conjunction,0,1PE,3,1,29
COND,Conditional Conjunction,0,1PE,3,13,17
COND,Conditional Conjunction,0,1PE,3,14,5
COND,Conditional Conjunction,0,1PE,3,17,11
COND,Conditional Conjunction,0,1PE,4,11,2
COND,Conditional Conjunction,0,1PE,4,11,20
COND,Conditional Conjunction,0,1PE,4,14,2
COND,Conditional Conjunction,0,1PE,4,16,2
COND,Conditional Conjunction,0,1PE,4,17,38
COND,Conditional Conjunction,0,1PE,4,18,5
COND,Conditional Conjunction,0,2PE,2,4,2
COND,Conditional Conjunction,0,2PE,2,20,2
COND,Conditional Conjunction,0,1JO,1,6,2
COND,Conditional Conjunction,0,1JO,1,7,2
COND,Conditional Conjunction,0,1JO,1,8,2
COND,Conditional Conjunction,0,1JO,1,9,2
COND,Conditional Conjunction,0,1JO,1,10,2
COND,Conditional Conjunction,0,1JO,2,1,29
COND,Conditional Conjunction,0,1JO,2,3,23
COND,Conditional Conjunction,0,1JO,2,15,29
COND,Conditional Conjunction,0,1JO,2,19,26
COND,Conditional Conjunction,0,1JO,2,22,14
COND,Conditional Conjunction,0,1JO,2,24,29
COND,Conditional Conjunction,0,1JO,2,29,2
COND,Conditional Conjunction,0,1JO,3,2,41
COND,Conditional Conjunction,0,1JO,3,13,14
COND,Conditional Conjunction,0,1JO,3,20,5
COND,Conditional Conjunction,0,1JO,3,21,5
COND,Conditional Conjunction,0,1JO,3,22,8
COND,Conditional Conjunction,0,1JO,4,1,29
COND,Conditional Conjunction,0,1JO,4,11,5
COND,Conditional Conjunction,0,1JO,4,12,14
COND,Conditional Conjunction,0,1JO,4,20,2
COND,Conditional Conjunction,0,1JO,5,5,20
COND,Conditional Conjunction,0,1JO,5,9,2
COND,Conditional Conjunction,0,1JO,5,14,32
COND,Conditional Conjunction,0,1JO,5,15,5
COND,Conditional Conjunction,0,1JO,5,15,23
COND,Conditional Conjunction,0,1JO,5,16,2
COND,Conditional Conjunction,0,2JO,1,10,2
COND,Conditional Conjunction,0,3JO,1,5,14
COND,Conditional Conjunction,0,3JO,1,10,8
COND,Conditional Conjunction,0,REV,2,5,35
COND,Conditional Conjunction,0,REV,2,5,80
COND,Conditional Conjunction,0,REV,2,16,8
COND,Conditional Conjunction,0,REV,2,17,101
COND,Conditional Conjunction,0,REV,2,22,41
COND,Conditional Conjunction,0,REV,3,3,32
COND,Conditional Conjunction,0,REV,3,7,80
COND,Conditional Conjunction,0,REV,3,19,8
COND,Conditional Conjunction,0,REV,3,20,23
COND,Conditional Conjunction,0,REV,9,4,50
COND,Conditional Conjunction,0,REV,11,5,5
COND,Conditional Conjunction,0,REV,11,5,56
COND,Conditional Conjunction,0,REV,11,6,92
COND,Conditional Conjunction,0,REV,13,9,2
COND,Conditional Conjunction,0,REV,13,10,2
COND,Conditional Conjunction,0,REV,13,10,17
COND,Conditional Conjunction,0,REV,13,15,59
COND,Conditional Conjunction,0,REV,13,17,26
COND,Conditional Conjunction,0,REV,14,3,65
COND,Conditional Conjunction,0,REV,14,9,32
COND,Conditional Conjunction,0,REV,14,11,80
COND,Conditional Conjunction,0,REV,19,12,68
COND,Conditional Conjunction,0,REV,20,15,5
COND,Conditional Conjunction,0,REV,21,27,41
COND,Conditional Conjunction,0,REV,22,18,38
COND,Conditional Conjunction,0,REV,22,19,5
